"","year","region","date_deploy","time_deploy","decimal_latitude_at_deployment_wgs84","decimal_longitude_at_deployment_wgs84","date_retrieve","time_retrieve","dec_lat_retrieve","dec_long_retrieve","sum_micro_m3","fibres_lte5mm_m3","beads_lte5mm_m3","polystyrene_lte5mm_m3","fragments_lte5mm_m3","film_lte5mm_m3","nurdles_lte5mm_m3","paint_flakes_lte5mm_m3"
"1",2015,"Argyll","16/01/2015","20:40",56.75867,-6.94433,"16/01/2015","21:32",56.80333,-6.84217,0.0059,0,0,0,0.0059,0,0,0
"2",2016,"Argyll","11/01/2016","02:12",56.67817,-6.41033,"11/01/2016","03:20",56.60167,-6.47533,0.068,0,0,0,0.068,0,0,0
"3",2016,"Argyll","11/01/2016","03:25",56.59617,-6.48183,"11/01/2016","04:25",56.5415,-6.5745,0.0664,0,0.0133,0,0.0266,0.0133,0.0133,0
"4",2016,"Argyll","11/01/2016","04:29",56.538,-6.58117,"11/01/2016","05:29",56.48367,-6.67967,0.1036,0,0.0296,0,0.074,0,0,0
"5",2016,"Argyll","11/01/2016","06:33",56.32233,-6.73783,"11/01/2016","07:31",56.24017,-6.72933,0.153,0,0,0,0.136,0.0085,0.0085,0
"6",2016,"Argyll","11/01/2016","08:32",56.08167,-6.69433,"11/01/2016","09:40",55.99167,-6.68067,0.4343,0,0.0223,0,0.373,0.0223,0.0167,0
"7",2016,"Argyll","11/01/2016","12:01",55.61567,-6.608,"11/01/2016","13:21",55.53017,-6.50583,0.0677,0,0,0,0.0677,0,0,0
"8",2016,"Argyll","14/01/2016","10:53",55.68583,-5.878,"14/01/2016","12:54",55.84067,-5.7935,0.1571,0,0,0,0.1257,0.021,0.0105,0
"9",2016,"Argyll","14/01/2016","15:15",56.01783,-5.74183,"14/01/2016","15:57",56.078,-5.7025,0.154,0,0,0,0.11,0.044,0,0
"10",2018,"Argyll","10/01/2018","05:36",56.1545,-6.15667,"10/01/2018","06:43",56.11467,-6.30367,0.016,0,0,0,0.016,0,0,0
"11",2018,"Argyll","10/01/2018","06:50",56.11233,-6.3125,"10/01/2018","07:52",56.07517,-6.45467,0.011,0,0,0,0.011,0,0,0
"12",2018,"Argyll","10/01/2018","13:01",56.14583,-6.46633,"10/01/2018","14:00",56.19983,-6.5535,0.0179,0,0.006,0,0.0119,0,0,0
"13",2018,"Argyll","10/01/2018","14:39",56.25467,-6.69517,"10/01/2018","16:15",56.38,-6.77133,0.0813,0.0041,0.0081,0,0.061,0.0081,0,0
"14",2018,"Argyll","10/01/2018","16:35",56.40317,-6.769,"10/01/2018","17:38",56.47317,-6.66967,0.5103,0.0449,0.0673,0,0.3141,0.0841,0,0
"15",2018,"Argyll","10/01/2018","18:21",56.5585,-6.53317,"10/01/2018","19:26",56.6295,-6.44283,0.1981,0.0396,0.0396,0.0113,0.0509,0.0566,0,0
"16",2018,"Argyll","11/01/2018","04:52",56.616,-7.08933,"11/01/2018","06:07",56.57567,-7.273,0.0199,0,0.0099,0,0.0099,0,0,0
"17",2020,"Argyll","11/01/2020","23:45",55.24317,-5.92217,"11/01/2020","00:20",55.24833,-5.96767,0.086,0.0123,0,0,0,0.0737,0,0
"18",2020,"Argyll","12/01/2020","00:56",55.24283,-5.8715,"12/01/2020","01:32",55.24017,-5.82233,0.0772,0,0.0077,0.0077,0,0.0618,0,0
"19",2014,"Clyde","12/11/2014","16:15",55.97533,-4.88317,"12/11/2014","17:09",56.0415,-4.897,0.1398,0.0122,0.0061,0.0304,0.0608,0.0304,0,0
"20",2014,"Clyde","12/11/2014","17:12",56.04283,-4.89483,"12/11/2014","18:00",55.9855,-4.86667,0.0992,0,0,0.0198,0.0794,0,0,0
"21",2014,"Clyde","13/11/2014","08:10",55.937,-4.8885,"13/11/2014","09:04",55.879,-4.909,0.0067,0,0,0,0.0067,0,0,0
"22",2014,"Clyde","13/11/2014","09:07",55.879,-4.912,"13/11/2014","10:03",55.948,-4.891,0.0118,0.0059,0,0,0,0.0059,0,0
"23",2014,"Clyde","13/11/2014","12:26",55.94233,-5.07383,"13/11/2014","13:22",55.88167,-5.06567,0.0112,0,0,0,0.0112,0,0,0
"24",2014,"Clyde","15/11/2014","16:05",55.58133,-4.941,"15/11/2014","18:00",55.44617,-4.9365,0.0305,0,0,0,0.0305,0,0,0
"25",2016,"Clyde","12/01/2016","03:22",55.6185,-5.437,"12/01/2016","04:24",55.68517,-5.40333,0.3643,0,0,0,0.1121,0.1962,0.0561,0
"26",2017,"Clyde","12/01/2017","17:19",55.93,-4.91783,"12/01/2017","18:44",55.8165,-4.907,0.0852,0,0,0.0284,0.0568,0,0,0
"27",2017,"Clyde","31/10/2017","15:00",55.78983,-4.882,"31/10/2017","15:36",55.7505,-4.8955,0.0252,0,0.0126,0,0.0126,0,0,0
"28",2017,"Clyde","31/10/2017","15:36",55.722,-4.91833,"31/10/2017","16:15",55.69967,-4.916,0.0252,0.0126,0,0,0.0126,0,0,0
"29",2017,"Clyde","04/11/2017","10:41",55.62933,-5.00233,"04/11/2017","11:33",55.68033,-5.05072,0.0165,0,0.0082,0,0.0082,0,0,0
"30",2017,"Clyde","04/11/2017","11:50",55.68217,-5.05583,"04/11/2017","12:42",55.729,-4.9895,0.0624,0.0156,0,0,0.0312,0.0156,0,0
"31",2017,"Clyde","05/11/2017","11:34",55.93267,-4.58217,"05/11/2017","11:59",55.939,-4.6325,0.0342,0,0.0342,0,0,0,0,0
"32",2017,"Clyde","05/11/2017","14:36",55.9875,-4.87967,"05/11/2017","15:30",55.91033,-4.9195,0.2849,0.0081,0.1547,0.0081,0.0244,0.0814,0.0081,0
"33",2018,"Clyde","13/11/2018","14:15",55.9825,-4.885,"13/11/2018","14:47",55.95017,-4.90267,0.0511,0,0,0,0.0102,0,0,0.0409
"34",2018,"Clyde","14/11/2018","12:42",55.9325,-4.57117,"14/11/2018","13:13",55.93917,-4.629,0.0183,0,0,0.0091,0.0091,0,0,0
"35",2018,"Clyde","16/11/2018","15:14",55.6425,-4.89083,"16/11/2018","15:45",55.61883,-4.84217,0.0549,0.022,0.022,0,0.011,0,0,0
"36",2018,"Clyde","16/11/2018","15:51",55.61233,-4.82033,"16/11/2018","16:23",55.58683,-4.76383,0.0302,0.0101,0.0101,0.0101,0,0,0,0
"37",2018,"Clyde","18/11/2018","12:15",55.40767,-4.778,"18/11/2018","12:46",55.43267,-4.74867,0.0095,0,0,0,0,0.0095,0,0
"38",2018,"Clyde","19/11/2018","08:55",55.72883,-4.97333,"19/11/2018","09:25",55.76367,-4.96617,0.0195,0,0,0,0.0195,0,0,0
"39",2018,"Clyde","19/11/2018","09:57",55.8265,-4.99183,"19/11/2018","10:25",55.85417,-5.0345,0.0104,0.0104,0,0,0,0,0,0
"40",2018,"Clyde","19/10/2018","09:03",55.97017,-4.75333,"19/10/2018","09:35",55.97033,-4.8105,0.1998,0.0118,0.047,0,0.0588,0.047,0,0.0353
"41",2018,"Clyde","19/10/2018","09:45",55.97067,-4.8145,"19/10/2018","10:18",55.97083,-4.87233,0.2693,0,0.1212,0,0.0942,0.0404,0,0.0135
"42",2018,"Clyde","19/10/2018","10:40",55.97117,-4.88167,"19/10/2018","11:12",55.9735,-4.81617,0.803,0.0149,0.4907,0,0.2082,0.0892,0,0
"43",2018,"Clyde","19/10/2018","11:25",55.97433,-4.77683,"19/10/2018","11:55",55.97167,-4.751,0.2515,0.0148,0.0888,0.0148,0.1035,0.0296,0,0
"44",2018,"Clyde","19/10/2018","13:04",55.90083,-4.92567,"19/10/2018","13:37",55.86867,-4.94467,0.0239,0,0.012,0,0,0.012,0,0
"45",2018,"Clyde","19/10/2018","15:57",55.90933,-4.90117,"19/10/2018","16:33",55.941,-4.886,0.1091,0,0.0312,0,0.0312,0.0312,0,0.0156
"46",2018,"Clyde","19/10/2018","16:39",55.9435,-4.88317,"19/10/2018","17:13",55.98117,-4.874,0.1724,0.0144,0.0862,0,0.0431,0.0287,0,0
"47",2018,"Clyde","19/10/2018","17:34",56.01917,-4.89,"19/10/2018","18:08",55.98917,-4.88717,0.1182,0.0169,0.0338,0,0.0338,0.0338,0,0
"48",2018,"Clyde","19/10/2018","18:18",55.98583,-4.8885,"19/10/2018","18:50",55.9585,-4.89567,0.1255,0.0314,0,0,0,0.0628,0,0.0314
"49",2018,"Clyde","20/10/2018","08:26",55.97983,-4.8755,"20/10/2018","09:02",56.01433,-4.88283,0.1296,0.013,0.0518,0,0.0389,0.0259,0,0
"50",2018,"Clyde","20/10/2018","09:11",56.01533,-4.88217,"20/10/2018","09:44",56.0425,-4.897,0.1194,0,0,0,0.0717,0.0478,0,0
"51",2018,"Clyde","20/10/2018","09:53",56.04333,-4.89417,"20/10/2018","10:23",56.01767,-4.8765,0.1051,0.03,0,0,0.075,0,0,0
"52",2018,"Clyde","20/10/2018","10:31",56.016,-4.87583,"20/10/2018","11:05",55.98633,-4.86483,0.0906,0,0,0.0151,0.0604,0.0151,0,0
"53",2018,"Clyde","20/10/2018","11:40",56.04017,-4.90083,"20/10/2018","12:12",56.07133,-4.88233,0.1833,0,0.0423,0,0.0987,0.0423,0,0
"54",2018,"Clyde","20/10/2018","12:20",56.07267,-4.88267,"20/10/2018","12:55",56.0985,-4.85683,1.0349,0.0314,0.392,0,0.4547,0.1568,0,0
"55",2018,"Clyde","20/10/2018","13:02",56.0995,-4.85583,"20/10/2018","13:34",56.12267,-4.826,0.0286,0.0143,0,0,0,0.0143,0,0
"56",2018,"Clyde","20/10/2018","13:48",56.12383,-4.826,"20/10/2018","14:22",56.15417,-4.80783,0.2941,0,0.07,0,0.154,0.07,0,0
"57",2018,"Clyde","20/10/2018","14:29",56.1655,-4.80683,"20/10/2018","15:01",56.18333,-4.77767,0.119,0,0.0298,0,0.0893,0,0,0
"58",2018,"Clyde","20/10/2018","15:15",56.17783,-4.78517,"20/10/2018","15:46",56.19833,-4.75333,0.6824,0.0569,0.0758,0,0.3222,0.2275,0,0
"59",2018,"Clyde","20/10/2018","16:17",56.19483,-4.754,"20/10/2018","16:30",56.19283,-4.771,0.2628,0,0,0,0.1752,0.0876,0,0
"60",2018,"Clyde","20/10/2018","17:16",56.19233,-4.75817,"20/10/2018","17:28",56.19117,-4.75817,0.1477,0,0,0,0.1477,0,0,0
"61",2018,"Clyde","20/10/2018","17:40",56.1905,-4.77983,"20/10/2018","17:49",56.18933,-4.776,0.9361,0.0624,0.0624,0,0.624,0.0624,0.1248,0
"62",2018,"Clyde","20/10/2018","18:00",56.18683,-4.77433,"20/10/2018","18:12",56.194,-4.765,0.1806,0,0.0903,0,0.0903,0,0,0
"63",2018,"Clyde","21/10/2018","08:30",56.1845,-4.774,"21/10/2018","08:45",56.194,-4.76383,0.3364,0.0336,0.1009,0,0.1682,0.0336,0,0
"64",2018,"Clyde","21/10/2018","10:11",56.10167,-4.88267,"21/10/2018","10:45",56.12967,-4.89733,0.378,0,0.1018,0,0.2181,0.0145,0,0.0436
"65",2018,"Clyde","21/10/2018","10:58",56.12633,-4.89667,"21/10/2018","11:34",56.15983,-4.90733,0.1371,0,0.0914,0,0.0229,0.0229,0,0
"66",2018,"Clyde","21/10/2018","12:12",56.1655,-4.90617,"21/10/2018","12:45",56.138,-4.89517,0.1161,0.0166,0.0332,0,0.0663,0,0,0
"67",2018,"Clyde","21/10/2018","12:51",56.14017,-4.89583,"21/10/2018","13:24",56.11017,-4.89733,0.1943,0,0,0,0.1619,0.0324,0,0
"68",2018,"Clyde","21/10/2018","15:13",55.99067,-4.94317,"21/10/2018","15:42",55.97633,-4.89467,0.0791,0,0,0,0.0791,0,0,0
"69",2018,"Clyde","21/10/2018","15:48",55.97417,-4.89233,"21/10/2018","16:21",55.98933,-4.94167,0.0126,0,0,0,0.0126,0,0,0
"70",2018,"Clyde","22/10/2018","07:04",56.0485,-4.89833,"22/10/2018","07:37",56.01717,-4.8875,0.1064,0,0,0,0.0887,0.0177,0,0
"71",2018,"Clyde","22/10/2018","09:02",55.901,-4.92617,"22/10/2018","09:34",55.87267,-4.94483,0.0516,0.0172,0,0,0.0344,0,0,0
"72",2018,"Clyde","22/10/2018","09:38",55.871,-4.94517,"22/10/2018","10:11",55.8365,-4.9605,0.0143,0,0,0,0.0143,0,0,0
"73",2018,"Clyde","22/10/2018","11:01",55.86933,-4.91483,"22/10/2018","11:33",55.901,-4.90917,0.0487,0,0,0,0.0487,0,0,0
"74",2018,"Clyde","22/10/2018","14:02",55.98283,-4.75,"22/10/2018","14:35",55.97783,-4.808,0.0145,0,0,0,0.0145,0,0,0
"75",2019,"Clyde","12/11/2019","15:02",55.92267,-4.90783,"12/11/2019","15:33",55.96133,-4.88283,0.016,0,0.008,0,0,0.008,0,0
"76",2019,"Clyde","13/11/2019","14:59",55.92867,-4.5145,"13/11/2019","15:35",55.9395,-4.63583,0.1258,0.0193,0.058,0,0.0097,0.0387,0,0
"77",2019,"Clyde","13/11/2019","15:46",55.9395,-4.6435,"13/11/2019","16:21",55.9565,-4.7595,0.0099,0,0,0,0,0.0099,0,0
"78",2019,"Clyde","14/11/2019","13:31",56.175,-4.78783,"14/11/2019","13:48",56.1935,-4.766,0.1118,0.016,0.016,0,0.0479,0.0319,0,0
"79",2019,"Clyde","14/11/2019","13:56",56.19867,-4.7535,"14/11/2019","14:15",56.18067,-4.7815,0.0175,0,0,0,0,0.0175,0,0
"80",2019,"Clyde","14/11/2019","14:22",56.18617,-4.774,"14/11/2019","14:38",56.16883,-4.791,0.02,0,0,0,0.02,0,0,0
"81",2019,"Clyde","17/11/2019","13:51",55.322,-5.155,"17/11/2019","14:20",55.30233,-5.1015,0.0236,0.0118,0.0118,0,0,0,0,0
"82",2020,"Clyde","12/01/2020","02:05",55.23833,-5.78033,"12/01/2020","02:38",55.23617,-5.73683,0.0171,0,0.0086,0,0,0.0086,0,0
"83",2020,"Clyde","12/01/2020","03:13",55.23333,-5.68917,"12/01/2020","03:49",55.23167,-5.64217,0.0466,0,0.0233,0,0,0.0233,0,0
"84",2020,"Clyde","12/01/2020","04:32",55.22883,-5.58183,"12/01/2020","05:05",55.22417,-5.5325,0.0244,0,0,0,0.0081,0.0163,0,0
"85",2020,"Clyde","12/01/2020","05:34",55.22267,-5.49017,"12/01/2020","06:03",55.2215,-5.44517,0.0127,0,0,0,0,0.0127,0,0
"86",2014,"East Shetland Shelf","09/01/2014","18:35",60.37067,1.08033,"09/01/2014","19:26",60.3445,1.27733,0.013,0,0,0,0.013,0,0,0
"87",2014,"East Shetland Shelf","10/01/2014","00:27",60.462,1.34217,"10/01/2014","01:37",60.59667,1.341,0.0917,0.0267,0,0.0038,0.0611,0,0,0
"88",2014,"East Shetland Shelf","10/01/2014","02:47",60.678,1.34133,"10/01/2014","03:47",60.78783,1.413,0.0211,0.007,0,0,0.0106,0,0.0035,0
"89",2014,"East Shetland Shelf","10/01/2014","12:05",60.93833,1.21383,"10/01/2014","13:35",60.77667,1.0885,0.0295,0,0,0.0033,0.0262,0,0,0
"90",2014,"East Shetland Shelf","10/01/2014","13:45",60.764,1.079,"10/01/2014","15:01",60.63183,0.99133,0.0982,0,0,0.0655,0.0262,0.0065,0,0
"91",2014,"East Shetland Shelf","10/01/2014","19:39",60.64567,0.75067,"10/01/2014","21:05",60.58017,0.525,0.048,0,0,0,0.0384,0.0064,0.0032,0
"92",2014,"East Shetland Shelf","10/01/2014","21:10",60.578,0.5205,"10/01/2014","22:51",60.51717,0.25767,0.0346,0,0,0,0.0252,0.0094,0,0
"93",2014,"Fladen and Moray Firth Offshore","09/01/2014","09:00",59.31917,-0.61083,"09/01/2014","10:00",59.40633,-0.44467,0.0055,0,0,0,0.0055,0,0,0
"94",2014,"Fladen and Moray Firth Offshore","24/05/2014","13:26",58.51467,-2.43717,"24/05/2014","",58.7,-2.53567,0.0253,0,0,0,0.0152,0.0101,0,0
"95",2018,"Fladen and Moray Firth Offshore","07/01/2018","03:08",58.6275,0.22883,"07/01/2018","04:12",58.63317,0.06317,0.0198,0,0,0,0.0149,0,0.005,0
"96",2019,"Fladen and Moray Firth Offshore","19/01/2019","13:47",57.96633,-2.565,"19/01/2019","14:48",57.95633,-2.41383,0.0244,0.0195,0,0,0,0.0049,0,0
"97",2014,"Forth and Tay","06/01/2014","16:23",56.09267,-2.735,"06/01/2014","17:05",56.08633,-2.83967,0.0991,0,0.018,0.009,0.063,0,0.009,0
"98",2014,"Forth and Tay","06/01/2014","17:24",56.105,-2.82933,"06/01/2014","18:25",56.136,-2.69017,0.164,0.0205,0.0103,0.0308,0.0308,0.0103,0.0103,0.0513
"99",2014,"Forth and Tay","30/11/2014","13:11",56.41483,-2.7015,"30/11/2014","15:05",56.52233,-2.555,0.0582,0,0.0083,0,0.0374,0.0083,0.0042,0
"100",2014,"Forth and Tay","30/11/2014","15:15",56.52617,-2.555,"30/11/2014","17:05",56.43717,-2.46983,0.0224,0,0,0,0.0128,0.0096,0,0
"101",2014,"Forth and Tay","30/11/2014","17:09",56.43417,-2.47683,"30/11/2014","18:34",56.378,-2.62717,0.0984,0,0.0043,0,0.0899,0,0.0043,0
"102",2014,"Forth and Tay","01/12/2014","07:55",56.26883,-2.5045,"01/12/2014","08:56",56.207,-2.42883,0.1414,0,0,0,0.1414,0,0,0
"103",2014,"Forth and Tay","01/12/2014","09:18",56.1915,-2.40883,"01/12/2014","10:17",56.1245,-2.39067,0.0468,0,0,0,0.0401,0,0.0067,0
"104",2014,"Forth and Tay","02/12/2014","07:20",56.177,-2.89983,"02/12/2014","08:31",56.13633,-3.02467,0.01,0,0,0,0.01,0,0,0
"105",2014,"Forth and Tay","02/12/2014","08:34",56.13433,-3.02767,"02/12/2014","09:53",56.06233,-3.13983,0.0394,0,0.0044,0,0.0351,0,0,0
"106",2014,"Forth and Tay","02/12/2014","11:22",56.00867,-3.37317,"02/12/2014","12:25",56.033,-3.23983,0.0232,0.0046,0,0,0.0185,0,0,0
"107",2014,"Forth and Tay","02/12/2014","12:29",56.0305,-3.2335,"02/12/2014","12:51",56.01067,-3.20017,0.1453,0,0,0,0.0969,0,0.0484,0
"108",2014,"Forth and Tay","02/12/2014","13:04",56.005,-3.22967,"02/12/2014","14:12",56.00933,-3.08967,0.0366,0,0,0.0183,0.0122,0,0.0061,0
"109",2014,"Forth and Tay","02/12/2014","14:14",56.00933,-3.08483,"02/12/2014","15:10",56.00417,-2.9825,0.2207,0,0,0,0.0934,0,0.1273,0
"110",2014,"Forth and Tay","02/12/2014","15:13",56.00533,-2.97733,"02/12/2014","16:14",56.05767,-2.89217,0.1056,0,0.0151,0,0.0905,0,0,0
"111",2014,"Forth and Tay","02/12/2014","16:18",56.0605,-2.89033,"02/12/2014","17:11",56.07717,-2.99633,0.0986,0,0,0,0.0723,0,0.0263,0
"112",2014,"Forth and Tay","02/12/2014","17:16",56.079,-3.0065,"02/12/2014","18:06",56.09783,-3.1085,0.1004,0,0.0063,0,0.0879,0.0063,0,0
"113",2015,"Forth and Tay","26/11/2015","13:20",56.0135,-3.1305,"26/11/2015","14:25",55.98567,-2.98567,0.0048,0,0.0048,0,0,0,0,0
"114",2015,"Forth and Tay","26/11/2015","13:26",55.98567,-2.98567,"26/11/2015","15:34",56.046,-2.88033,0.0117,0,0.0117,0,0,0,0,0
"115",2015,"Forth and Tay","26/11/2015","15:34",56.046,-2.88033,"26/11/2015","16:31",56.08017,-2.76833,0.0074,0,0.0074,0,0,0,0,0
"116",2018,"Forth and Tay","04/01/2018","13:15",56.08083,-2.982,"04/01/2018","14:06",56.11217,-2.88167,0.3998,0,0.0231,0.0077,0.2076,0.0308,0.1307,0
"117",2018,"Forth and Tay","04/01/2018","19:30",56.03733,-2.51733,"04/01/2018","20:30",55.99183,-2.39733,0.0272,0,0.0109,0,0.0163,0,0,0
"118",2018,"Forth and Tay","04/01/2018","20:45",55.98383,-2.37667,"04/01/2018","21:39",55.95317,-2.27733,0.0557,0,0,0.007,0.0488,0,0,0
"119",2018,"Forth and Tay","05/01/2018","13:11",56.32567,-2.38317,"05/01/2018","14:13",56.30383,-2.5265,0.1104,0,0,0,0.1104,0,0,0
"120",2017,"Forth and Tay","01/12/2017","08:55",56.02433,-3.54117,"01/12/2017","09:28",56.011,-3.4765,0.0325,0,0.0108,0,0.0217,0,0,0
"121",2017,"Forth and Tay","02/12/2017","10:13",56.4325,-2.666,"02/12/2017","11:16",56.371,-2.752,0.0083,0,0,0,0.0083,0,0,0
"122",2017,"Forth and Tay","02/12/2017","15:55",56.0025,-2.25833,"02/12/2017","17:06",56.04017,-2.404,0.0054,0,0,0,0.0054,0,0,0
"123",2017,"Forth and Tay","03/12/2017","12:10",56.01267,-3.09733,"03/12/2017","12:56",56.0065,-3.2035,0.0101,0.0101,0,0,0,0,0,0
"124",2019,"Forth and Tay","06/01/2019","13:40",56.09417,-2.78,"06/01/2019","14:11",56.09217,-2.70783,0.0845,0,0.0338,0,0.0169,0.0338,0,0
"125",2019,"Forth and Tay","07/01/2019","02:22",56.634,-2.172,"07/01/2019","03:30",56.6035,-2.03633,0.0102,0,0,0,0.0102,0,0,0
"126",2018,"Forth and Tay","02/12/2018","08:10",55.99617,-2.33383,"02/12/2018","08:46",56.0245,-2.39533,0.1048,0,0,0,0.1048,0,0,0
"127",2018,"Forth and Tay","02/12/2018","09:41",56.09233,-2.542,"02/12/2018","10:18",56.11867,-2.60983,0.0111,0,0,0,0.0111,0,0,0
"128",2018,"Forth and Tay","02/12/2018","10:48",56.11617,-2.70217,"02/12/2018","11:21",56.11483,-2.776,0.0369,0.0123,0,0.0123,0.0123,0,0,0
"129",2018,"Forth and Tay","02/12/2018","14:25",56.01633,-3.34767,"02/12/2018","14:55",56.02683,-3.282,0.034,0,0.017,0,0.017,0,0,0
"130",2020,"Forth and Tay","17/01/2020","09:13",56.09383,-2.33367,"17/01/2020","09:48",56.06867,-2.29933,0.0369,0,0,0,0,0,0,0.0369
"131",2020,"Forth and Tay","18/01/2020","01:33",55.93033,-2.10533,"18/01/2020","02:07",55.9465,-2.1475,0.0493,0,0,0,0,0,0,0.0493
"132",2020,"Forth and Tay","18/01/2020","02:46",55.97117,-2.23983,"18/01/2020","03:22",55.98683,-2.29017,0.0423,0,0,0,0,0,0,0.0423
"133",2020,"Forth and Tay","18/01/2020","04:01",56.01533,-2.3895,"18/01/2020","04:35",56.031,-2.43467,0.1358,0,0,0,0,0,0,0.1358
"134",2020,"Forth and Tay","18/01/2020","05:09",56.05233,-2.51733,"18/01/2020","05:46",56.07,-2.56617,0.0117,0,0,0.0117,0,0,0,0
"135",2020,"Forth and Tay","18/01/2020","06:19",56.10533,-2.6105,"18/01/2020","07:00",56.14017,-2.60067,0.0677,0,0,0.0113,0,0.0564,0,0
"136",2020,"Forth and Tay","18/01/2020","07:33",56.18567,-2.59383,"18/01/2020","08:08",56.21533,-2.58667,0.0655,0,0,0,0,0.0524,0,0.0131
"137",2020,"Forth and Tay","18/01/2020","08:54",56.25517,-2.51717,"18/01/2020","09:28",56.28817,-2.50167,0.0408,0,0,0,0,0.0408,0,0
"138",2020,"Forth and Tay","18/01/2020","10:00",56.35133,-2.51983,"18/01/2020","10:33",56.38117,-2.52367,0.0116,0,0,0,0,0,0,0.0116
"139",2020,"Forth and Tay","18/01/2020","11:06",56.45967,-2.524,"18/01/2020","11:39",56.48883,-2.5005,0.0831,0,0,0,0,0.0831,0,0
"140",2020,"Forth and Tay","18/01/2020","12:12",56.5465,-2.463,"18/01/2020","12:45",56.575,-2.44117,0.0156,0,0,0,0,0.0156,0,0
"141",2020,"Forth and Tay","18/01/2020","13:17",56.62417,-2.40833,"18/01/2020","13:49",56.65117,-2.38667,0.0163,0,0,0,0,0.0163,0,0
"142",2019,"Forth and Tay","28/11/2019","14:47",56.02867,-3.55383,"28/11/2019","15:21",56.01567,-3.48867,0.1719,0.0322,0.086,0,0.0107,0.0322,0.0107,0
"143",2019,"Forth and Tay","28/11/2019","15:24",56.01417,-3.4825,"28/11/2019","15:57",56.00133,-3.41317,1.1172,0,0.4819,0.0219,0,0.5695,0.0438,0
"144",2019,"Forth and Tay","28/11/2019","16:08",56.00633,-3.37767,"28/11/2019","16:43",56.02267,-3.3045,0.0987,0,0.0247,0,0.0123,0.0247,0.037,0
"145",2019,"Forth and Tay","29/11/2019","12:14",56.051,-3.03617,"29/11/2019","12:50",56.07233,-2.96983,0.0111,0,0,0,0,0,0.0111,0
"146",2019,"Forth and Tay","29/11/2019","14:39",56.18933,-2.65317,"29/11/2019","15:08",56.21817,-2.59817,0.031,0,0.0103,0.0103,0,0.0103,0,0
"147",2019,"Forth and Tay","30/11/2019","12:37",56.372,-2.7225,"30/11/2019","13:09",56.369,-2.65233,0.0064,0,0.0064,0,0,0,0,0
"148",2019,"Forth and Tay","01/12/2019","07:20",56.02733,-3.09117,"01/12/2019","07:55",56.00967,-3.15717,0.0117,0,0,0,0,0.0117,0,0
"149",2014,"Hebrides Shelf","17/01/2014","12:05",58.51367,-6.99,"17/01/2014","13:50",58.60783,-6.7675,0.0355,0,0,0,0.0355,0,0,0
"150",2015,"Long Forties","07/01/2015","06:27",56.80267,1.5015,"07/01/2015","07:32",56.79917,1.65017,0.0114,0,0,0,0.0057,0,0.0057,0
"151",2018,"Long Forties","05/01/2018","06:16",56.492,-1.4575,"05/01/2018","07:09",56.52,-1.58917,0.0339,0.0085,0,0,0,0.0254,0,0
"152",2019,"Long Forties","07/01/2019","03:43",56.61617,-2.011,"07/01/2019","04:50",56.57617,-1.86733,0.01,0,0,0,0,0,0,0.01
"153",2014,"Moray Firth","08/01/2014","18:50",57.88933,-3.44233,"08/01/2014","19:50",57.9465,-3.28083,0.0177,0,0,0,0.0177,0,0,0
"154",2014,"Moray Firth","26/05/2014","14:25",57.85467,-3.5785,"26/05/2014","",57.70733,-3.754,0.0053,0.0026,0.0026,0,0,0,0,0
"155",2014,"Moray Firth","26/05/2014","16:06",57.70217,-3.76017,"26/05/2014","",57.60883,-3.88033,0.0038,0,0,0,0,0.0038,0,0
"156",2014,"Moray Firth","27/05/2014","06:09",57.616,-3.8595,"27/05/2014","",57.72033,-3.55167,0.0069,0,0,0,0.0069,0,0,0
"157",2014,"Moray Firth","27/05/2014","08:09",57.7215,-3.5415,"27/05/2014","",57.734,-3.15867,0.0021,0.0021,0,0,0,0,0,0
"158",2014,"Moray Firth","27/05/2014","12:42",57.70833,-2.67333,"27/05/2014","",57.69983,-2.40333,0.0064,0,0,0,0.0064,0,0,0
"159",2014,"Moray Firth","27/05/2014","14:26",57.6995,-2.3925,"27/05/2014","",57.71083,-2.09933,0.0655,0,0,0.0069,0.0586,0,0,0
"160",2015,"Moray Firth","19/01/2015","08:48",57.74233,-2.299,"19/01/2015","09:49",57.742,-2.09817,0.0131,0,0,0.0065,0.0065,0,0,0
"161",2015,"Moray Firth","19/01/2015","10:03",57.74067,-2.07033,"19/01/2015","11:06",57.7255,-1.85533,0.0056,0,0,0,0.0056,0,0,0
"162",2014,"Moray Firth","28/11/2014","12:09",57.72517,-2.37483,"28/11/2014","13:41",57.72383,-2.55433,0.0357,0.0143,0.0036,0.0036,0.0036,0.0107,0,0
"163",2018,"Moray Firth","13/01/2018","22:30",57.87967,-3.55633,"13/01/2018","23:28",57.9045,-3.6925,0.007,0,0,0,0.007,0,0,0
"164",2018,"Moray Firth","14/01/2018","08:36",57.73383,-3.52683,"14/01/2018","09:36",57.75817,-3.38483,0.04,0,0,0,0.04,0,0,0
"165",2018,"Moray Firth","14/01/2018","09:41",57.75867,-3.372,"14/01/2018","10:36",57.75617,-3.2305,0.0078,0,0,0,0.0078,0,0,0
"166",2019,"Moray Firth","17/01/2019","15:44",58.63933,-2.99767,"17/01/2019","16:51",58.53717,-3.02433,0.0262,0,0.0052,0,0.0052,0.0052,0,0.0105
"167",2019,"Moray Firth","17/01/2019","23:24",58.2,-3.32683,"17/01/2019","00:37",58.15,-3.4555,0.0043,0.0043,0,0,0,0,0,0
"168",2019,"Moray Firth","18/01/2019","00:42",58.14717,-3.4595,"18/01/2019","01:40",58.09083,-3.54067,0.0055,0,0,0,0,0,0,0.0055
"169",2019,"Moray Firth","18/01/2019","01:45",58.09083,-3.54067,"18/01/2019","02:47",58.03433,-3.62783,0.0052,0,0,0,0,0,0,0.0052
"170",2019,"Moray Firth","18/01/2019","12:26",57.69167,-3.66883,"18/01/2019","13:35",57.73017,-3.52683,0.0267,0,0.0053,0,0.0053,0.016,0,0
"171",2019,"Moray Firth","18/01/2019","13:40",57.73167,-3.52183,"18/01/2019","14:42",57.75867,-3.38533,0.012,0,0.006,0,0,0.006,0,0
"172",2019,"Moray Firth","18/01/2019","16:03",57.77083,-3.18983,"18/01/2019","17:08",57.7625,-3.0245,0.0046,0.0046,0,0,0,0,0,0
"173",2019,"Moray Firth","18/01/2019","17:13",57.76167,-3.0195,"18/01/2019","18:14",57.77783,-2.864,0.0093,0,0,0,0.0046,0.0046,0,0
"174",2019,"Moray Firth","18/01/2019","18:34",57.76333,-2.78867,"18/01/2019","19:41",57.74333,-2.61533,0.0042,0.0042,0,0,0,0,0,0
"175",2019,"Moray Firth","19/01/2019","01:36",57.80833,-2.2505,"19/01/2019","02:38",57.80233,-2.39017,0.0056,0,0,0.0056,0,0,0,0
"176",2019,"Moray Firth","19/01/2019","06:20",57.8655,-2.86733,"19/01/2019","07:23",57.85933,-3.02833,0.0246,0.0049,0,0.0049,0,0.0098,0,0.0049
"177",2014,"North Coast","18/01/2014","03:23",58.626,-4.62667,"18/01/2014","05:53",58.62567,-4.211,0.0043,0,0,0,0.0043,0,0,0
"178",2014,"North Coast","18/01/2014","10:00",58.68217,-3.502,"18/01/2014","11:11",58.703,-3.22567,0.0238,0,0,0,0.0238,0,0,0
"179",2018,"North Coast","12/01/2018","14:32",58.66267,-4.99183,"12/01/2018","15:52",58.66283,-4.78567,0.0055,0,0,0.0055,0,0,0,0
"180",2016,"North East","17/01/2016","17:19",57.73967,-1.855,"17/01/2016","18:52",57.63017,-1.7055,0.0322,0,0,0.0161,0.0161,0,0,0
"181",2016,"North East","17/01/2016","20:39",57.36867,-1.73633,"17/01/2016","21:39",57.305,-1.78233,0.0613,0,0,0,0.0613,0,0,0
"182",2017,"North East","07/01/2017","10:33",56.93417,-2.14367,"07/01/2017","11:47",57.04033,-2.0915,0.0082,0,0,0.0041,0.0041,0,0,0
"183",2017,"North East","07/01/2017","12:04",57.0485,-2.08767,"07/01/2017","13:05",57.12917,-1.9935,0.01,0,0.005,0,0.005,0,0,0
"184",2018,"North East","15/01/2018","13:29",57.68283,-1.83417,"15/01/2018","14:35",57.619,-1.73683,0.0195,0,0,0,0.0195,0,0,0
"185",2018,"North East","15/01/2018","15:12",57.55283,-1.64533,"15/01/2018","16:15",57.475,-1.64917,0.0191,0,0,0.0191,0,0,0,0
"186",2018,"North East","15/01/2018","16:50",57.40167,-1.67583,"15/01/2018","17:51",57.3195,-1.70317,0.006,0,0,0.006,0,0,0,0
"187",2018,"North East","15/01/2018","18:51",57.25633,-1.79517,"15/01/2018","19:51",57.172,-1.82333,0.0065,0,0,0.0065,0,0,0,0
"188",2018,"North East","15/01/2018","21:24",57.03083,-1.88283,"15/01/2018","22:26",57.047,-2.02683,0.012,0,0,0.012,0,0,0,0
"189",2020,"North East","18/01/2020","17:34",56.88917,-2.15233,"18/01/2020","18:08",56.91367,-2.123,0.0098,0,0,0,0,0,0,0.0098
"190",2020,"North East","18/01/2020","21:18",57.19983,-1.93417,"18/01/2020","21:49",57.2265,-1.91217,0.0504,0,0,0.0378,0,0,0,0.0126
"191",2014,"Orkney Islands","13/01/2014","07:43",59.09167,-3.4765,"13/01/2014","09:09",58.96717,-3.52317,0.0251,0,0,0.023,0.0021,0,0,0
"192",2014,"Orkney Islands","25/05/2014","08:36",59.02983,-3.0195,"25/05/2014","",59.0235,-2.961,0.0312,0.0062,0.0062,0,0.0062,0.0125,0,0
"193",2014,"Orkney Islands","25/05/2014","16:39",58.903,-3.195,"25/05/2014","",58.90317,-2.98467,0.0073,0,0,0,0.0036,0.0036,0,0
"194",2014,"Outer Hebrides","16/01/2014","18:42",58.00883,-6.19517,"16/01/2014","19:39",58.09867,-6.1335,0.0612,0.0051,0,0,0.0561,0,0,0
"195",2014,"Outer Hebrides","16/01/2014","23:30",58.342,-5.92533,"17/01/2014","00:50",58.44767,-6.08017,0.0274,0,0,0.0039,0.0156,0.0078,0,0
"196",2014,"Outer Hebrides","17/01/2014","01:59",58.54533,-6.30117,"17/01/2014","03:31",58.47033,-6.5,0.0238,0,0,0.0034,0.0204,0,0,0
"197",2014,"Outer Hebrides","17/01/2014","03:49",58.46267,-6.52267,"17/01/2014","06:02",58.35583,-6.81433,0.019,0,0,0.0038,0.0152,0,0,0
"198",2014,"Outer Hebrides","17/01/2014","09:56",58.4045,-7.2905,"17/01/2014","11:56",58.51067,-6.996,0.002,0.002,0,0,0,0,0,0
"199",2014,"Outer Hebrides","17/01/2014","15:46",58.53733,-6.22233,"17/01/2014","17:50",58.45683,-5.9115,0.0506,0,0,0,0.0506,0,0,0
"200",2014,"Outer Hebrides","17/01/2014","17:55",58.45433,-5.90217,"17/01/2014","19:57",58.3955,-5.607,0.157,0.0207,0,0,0.1007,0.0356,0,0
"201",2018,"Outer Hebrides","11/01/2018","16:24",57.73033,-7.74133,"11/01/2018","17:25",57.8075,-7.66567,0.0528,0,0,0,0.0528,0,0,0
"202",2018,"Outer Hebrides","11/01/2018","23:43",58.46117,-6.653,"11/01/2018","00:47",58.50267,-6.513,0.0377,0,0,0.0314,0.0063,0,0,0
"203",2018,"Outer Hebrides","12/01/2018","01:44",58.55267,-6.25183,"12/01/2018","02:41",58.4935,-6.162,0.0072,0,0,0,0.0072,0,0,0
"204",2019,"Outer Hebrides","15/01/2019","09:25",57.9765,-6.36267,"15/01/2019","10:33",58.06367,-6.31967,0.0131,0,0,0,0,0,0,0.0131
"205",2019,"Outer Hebrides","15/01/2019","11:01",58.13317,-6.31983,"15/01/2019","11:37",58.15517,-6.24517,0.0094,0,0,0,0,0.0094,0,0
"206",2020,"Outer Hebrides","09/01/2020","12:26",58.10867,-5.92067,"09/01/2020","13:04",58.1065,-5.86483,0.0884,0,0,0,0,0.0884,0,0
"207",2020,"Outer Hebrides","09/01/2020","13:16",58.10667,-5.84867,"09/01/2020","13:49",58.10767,-5.79367,0.0394,0,0,0,0,0.0394,0,0
"208",2019,"Rockall","17/09/2019","23:20",58.08067,-14.311,"17/09/2019","23:50",58.103,-14.36467,0.0774,0,0,0,0,0.0774,0,0
"209",2019,"Rockall","19/09/2019","03:54",58.14933,-14.5315,"19/09/2019","04:24",58.162,-14.5775,0.0171,0,0,0,0,0.0171,0,0
"210",2019,"Rockall","19/09/2019","18:08",57.29,-14.20967,"19/09/2019","18:45",57.32833,-14.15133,0.0206,0,0,0,0,0.0206,0,0
"211",2019,"Rockall","24/09/2019","17:14",58.24133,-13.30317,"24/09/2019","19:44",58.24717,-13.20283,0.0562,0,0.0281,0,0,0.0281,0,0
"212",2014,"Shetland Isles","11/01/2014","06:43",60.14683,-0.94967,"11/01/2014","07:59",60.255,-0.945,0.0062,0.0062,0,0,0,0,0,0
"213",2014,"Shetland Isles","11/01/2014","11:24",60.21017,-1.15667,"11/01/2014","12:25",60.24917,-0.99867,0.0086,0,0,0,0.0086,0,0,0
"214",2014,"Shetland Isles","12/01/2014","08:16",60.7555,-1.24033,"12/01/2014","09:20",60.6995,-1.40267,0.0048,0.0048,0,0,0,0,0,0
"215",2014,"Shetland Isles","12/01/2014","11:46",60.501,-1.77733,"12/01/2014","13:15",60.38717,-1.923,0.0277,0,0,0.0154,0.0092,0.0031,0,0
"216",2019,"Shetland Isles","11/01/2019","10:41",60.76317,-0.74433,"11/01/2019","11:59",60.8605,-0.76233,0.0104,0,0,0,0,0,0,0.0104
"217",2014,"Solway","16/11/2014","12:28",54.6855,-4.0605,"16/11/2014","13:26",54.75267,-4.15117,0.0435,0.0062,0,0,0.0373,0,0,0
"218",2014,"Solway","16/11/2014","13:30",54.75483,-4.156,"16/11/2014","15:08",54.69483,-4.3425,0.0363,0.0033,0.0066,0,0.0231,0.0033,0,0
"219",2014,"Solway","16/11/2014","15:13",54.68917,-4.3485,"16/11/2014","16:08",54.65883,-4.43367,0.131,0,0.0065,0.0065,0.0982,0.0196,0,0
"220",2014,"Solway","16/11/2014","16:23",54.654,-4.48317,"16/11/2014","17:57",54.62467,-4.69083,0.1148,0.0037,0,0,0.1037,0.0074,0,0
"221",2016,"Solway","13/01/2016","13:58",54.7605,-3.828,"13/01/2016","15:33",54.624,-3.84117,0.6318,0.0381,0.0076,0,0.4263,0.1523,0.0076,0
"222",2016,"Solway","13/01/2016","15:39",54.72083,-3.84483,"13/01/2016","17:09",54.62317,-3.84183,1.215,0.0287,0.0861,0,0.861,0.2392,0,0
"223",2016,"Solway","13/01/2016","17:38",54.72717,-3.9335,"13/01/2016","19:18",54.6945,-4.1675,0.073,0,0.0086,0,0.0644,0,0,0
"224",2016,"Solway","13/01/2016","19:22",54.6935,-4.17367,"13/01/2016","21:29",54.63683,-4.444,0.078,0,0.006,0,0.06,0,0.012,0
"225",2016,"Solway","13/01/2016","21:34",54.63533,-4.45517,"13/01/2016","23:30",54.6145,-4.70617,0.3637,0,0.014,0.007,0.3008,0.028,0.014,0
"226",2016,"Solway","13/01/2016","23:35",54.61433,-4.71983,"13/01/2016","01:27",54.62333,-4.94183,0.1777,0,0.0099,0.0197,0.1382,0.0099,0,0
"227",2016,"Solway","14/01/2016","01:40",54.63467,-4.973,"14/01/2016","03:36",54.76633,-5.15717,0.0446,0,0,0.0034,0.0411,0,0,0
"228",2016,"Solway","14/01/2016","03:58",54.79883,-5.18917,"14/01/2016","04:21",54.82717,-5.22633,0.1409,0,0,0,0.1409,0,0,0
"229",2017,"Solway","13/01/2017","23:15",54.65667,-4.19767,"13/01/2017","01:30",54.64733,-3.94033,0.0116,0,0,0.0029,0.0087,0,0,0
"230",2017,"Solway","14/01/2017","11:04",54.625,-4.3235,"14/01/2017","12:04",54.60633,-4.429,0.0215,0,0,0,0.0215,0,0,0
"231",2017,"Solway","14/01/2017","12:15",54.604,-4.44967,"14/01/2017","13:17",54.61967,-4.57533,0.1472,0,0,0.0147,0.1324,0,0,0
"232",2017,"Solway","14/01/2017","13:27",54.58433,-4.58833,"14/01/2017","14:24",54.57067,-4.71333,0.1008,0.0144,0,0,0.0864,0,0,0
"233",2017,"Solway","02/11/2017","14:59",54.654,-4.38883,"02/11/2017","15:52",54.6445,-4.51083,0.0081,0,0,0,0.0081,0,0,0
"234",2017,"Solway","02/11/2017","16:30",54.63183,-4.66733,"02/11/2017","17:19",54.629,-4.75067,0.0432,0,0,0,0.0346,0.0086,0,0
"235",2020,"Solway","12/01/2020","23:56",54.64817,-4.38267,"12/01/2020","00:33",54.6545,-4.31783,0.0573,0,0,0.0115,0,0.0459,0,0
"236",2020,"Solway","13/01/2020","02:00",54.701,-4.17767,"13/01/2020","02:33",54.71133,-4.13567,0.0226,0,0.0113,0,0,0.0113,0,0
"237",2020,"Solway","13/01/2020","05:53",54.758,-3.848,"13/01/2020","06:26",54.74117,-3.892,1.1486,0,0.0403,0.0202,0.1209,0.665,0.3023,0
"238",2014,"West Highlands","15/01/2014","20:24",57.08783,-6.361,"15/01/2014","21:25",57.11883,-6.551,0.0209,0,0,0,0.0167,0.0042,0,0
"239",2014,"West Highlands","15/01/2014","21:30",57.12033,-6.55833,"15/01/2014","22:32",57.14633,-6.751,0.0234,0,0,0,0.0234,0,0,0
"240",2014,"West Highlands","16/01/2014","07:32",57.72017,-5.915,"16/01/2014","08:08",57.77633,-5.89867,0.6268,0.0196,0,0,0.6072,0,0,0
"241",2014,"West Highlands","16/01/2014","08:49",57.76933,-5.85617,"16/01/2014","09:48",57.7,-5.84467,0.0146,0,0,0,0,0.0146,0,0
"242",2014,"West Highlands","16/01/2014","13:03",57.9365,-5.61017,"16/01/2014","14:05",57.95867,-5.4015,0.0179,0,0.0036,0.0036,0.0107,0,0,0
"243",2014,"West Highlands","16/01/2014","15:50",58.00017,-5.67717,"16/01/2014","16:50",57.99767,-5.88267,0.0523,0,0,0,0.0523,0,0,0
"244",2014,"West Highlands","16/01/2014","16:55",57.99717,-5.891,"16/01/2014","18:02",58.0035,-6.09733,0.0037,0.0037,0,0,0,0,0,0
"245",2014,"West Highlands","17/01/2014","20:01",58.39533,-5.6015,"17/01/2014","21:12",58.36333,-5.414,0.0411,0.0075,0,0,0.0262,0.0075,0,0
"246",2014,"West Highlands","17/01/2014","21:21",58.3695,-5.405,"17/01/2014","23:19",58.55533,-5.208,0.0296,0.003,0,0.0089,0.0148,0,0.003,0
"247",2014,"West Highlands","17/01/2014","23:27",58.5595,-5.20417,"18/01/2014","00:41",58.66383,-5.01267,0.0036,0,0,0.0036,0,0,0,0
"248",2015,"West Highlands","15/01/2015","13:05",57.63733,-6.12467,"15/01/2015","14:06",57.71067,-6.19917,0.0311,0,0,0,0.0311,0,0,0
"249",2015,"West Highlands","16/01/2015","22:28",56.85417,-6.80333,"16/01/2015","23:20",56.92917,-6.80883,0.0306,0,0,0.0122,0.0061,0.0122,0,0
"250",2015,"West Highlands","17/01/2015","01:13",57.09983,-6.79167,"17/01/2015","02:18",57.19033,-6.80383,0.0277,0,0,0,0.0138,0.0138,0,0
"251",2016,"West Highlands","10/01/2016","18:45",57.13483,-6.38283,"10/01/2016","20:05",57.05433,-6.4475,0.0138,0,0,0,0.0046,0.0092,0,0
"252",2016,"West Highlands","10/01/2016","20:09",57.04917,-6.44683,"10/01/2016","21:15",56.98483,-6.51733,0.1161,0.0232,0,0.0116,0.0406,0.0406,0,0
"253",2018,"West Highlands","08/01/2018","18:36",57.98333,-5.74417,"08/01/2018","19:43",57.9455,-5.89667,0.0228,0,0,0,0.0228,0,0,0
"254",2018,"West Highlands","08/01/2018","19:48",57.94417,-5.90167,"08/01/2018","20:54",57.9035,-6.037,0.0353,0,0,0,0.0353,0,0,0
"255",2018,"West Highlands","10/01/2018","21:11",56.8915,-6.3175,"10/01/2018","22:13",56.95283,-6.21183,0.053,0.0118,0.0059,0.0059,0.0177,0.0118,0,0
"256",2018,"West Highlands","11/01/2018","00:33",57.0775,-6.36667,"11/01/2018","01:35",57.02167,-6.47517,0.0438,0,0,0,0.0329,0.011,0,0
"257",2018,"West Highlands","12/01/2018","12:45",58.55617,-5.29717,"12/01/2018","13:49",58.61317,-5.17533,0.0191,0,0,0.0191,0,0,0,0
"258",2020,"West Highlands","09/01/2020","14:52",58.0505,-5.64,"09/01/2020","15:24",58.02617,-5.61717,0.043,0,0.0143,0,0,0.0286,0,0
"259",2020,"West Highlands","09/01/2020","17:22",57.98617,-5.74717,"09/01/2020","17:55",57.96583,-5.77983,0.0112,0,0,0,0,0.0112,0,0
"260",2020,"West Highlands","09/01/2020","18:03",57.96167,-5.7865,"09/01/2020","18:49",57.934,-5.8315,0.0237,0.0158,0,0,0,0,0.0079,0
